,dhlabid,title,authors,city,year,publisher,langs,subjects,ddc,ocr_creator,urn
0,100628008.0,Sange og Digte af forskjellige Slags : mest fra gamle Dage,"Landstad , M. B.",Christiania,1879.0,Dybwad,nob,sanger / norsk / åndelige / dikt,,dhlab,URN:NBN:no-nb_digibok_2006081700063
1,100628009.0,Om Husfliden i Norge : til Arbeidets Ære og Arbeidsomhedens Pris,"Sundt , Eilert",,1867.0,,nob,Norge / folkekunst / kunsthåndverk / Husflid / husflid / økonomi / selvberging / sosiologi / Husflid,,dhlab,URN:NBN:no-nb_digibok_2006082100022
2,100614100.0,"Norsk Navnebog, eller Samling af Mandsnavne og Kvindenavne","Aasen , Ivar",Kristiania,1878.0,Malling,nob,Norsk språk / Fornavn / personnavn / personnamn / norsk / språk,,dhlab,URN:NBN:no-nb_digibok_2006082200033
3,100628017.0,Samlede Afhandlinger,"Keyser , R.",,1868.0,Malling,nob,Religion / Norrøn religion / Norrøn mytologi / norrøn / mytologi / norge / historie / middelalderen / medievaliaub,,dhlab,URN:NBN:no-nb_digibok_2006082800104
4,100614519.0,Norsk Grammatik,"Aasen , Ivar",Kristiania,1864.0,Malling,nob,Nynorsk språk / Grammatikk / Norsk språk / norsk / språk / grammatikk,,dhlab,URN:NBN:no-nb_digibok_2006112000041
5,100628097.0,Om Sædeligheds-Tilstanden i Norge. [1],"Sundt , Eilert / Abelsted , Jacob Christian",,1857.0,Trykt og forlagt af J. Chr. Abelsted,nor,Sedelighet / Seksualmoral / Seksualhygiene / 1800-tallet / Seksualetikk / Sedelighet / seksualitet / norge / sedelighet / 1800-tallet,,dhlab,URN:NBN:no-nb_digibok_2006112200010
6,100614702.0,Af H. Meltzers efterladte Papirer. 2 : En Rotour tilhavs ; Fra Krigens Tid ; Fantegutten,"Meltzer , H.",Christiania,1873.0,Dybwad,nob,skjønnlitteratur / hfnord,,dhlab,URN:NBN:no-nb_digibok_2006112201000
7,100614799.0,Segner fraa Vaagaa,"Kleiven , Ivar",Kristiania,1894.0,Samlaget,nno,sagn / folkediktning / vågå / norge,439.8279482516,dhlab,URN:NBN:no-nb_digibok_2006112301030
8,100569912.0,Reise-Erindringer og Reise-Indberetninger 1842-1847,"Aasen , Ivar / Koht , Halvdan",Trondhjem,1917.0,[s.n.],nob,Norsk språk / Dialekter / Reiser / Norge / Norsk språk / Historisk framstilling / Forskning / Nynorsk språk / Reiseskildringer / norge / forskningshistorie / norsk / språk / reiseskildringer / 1800 / tallet / nynorsk,,nb,URN:NBN:no-nb_digibok_2006120501037
9,100628159.0,Sorg og Trøst : nogle Digte,"Munch , A.",Christiania,1852.0,Feilberg & Landmark,nob,,,dhlab,URN:NBN:no-nb_digibok_2007061502002
10,100614909.0,"Søndmørsk Grammatik, eller kortfattet Underretning om Bygdemaalet paa Søndmør","Aasen , Ivar",,1851.0,Aarflot,mul / nob / nno,norsk / nynorsk / språk / grammatikk / sunnmøre / dialektar / målføre,,dhlab,URN:NBN:no-nb_digibok_2007071903001
11,100628177.0,Nye Digte,"Munch , A. ( Andreas ) / Tønsberg , Chr . / Wergeland , S. N. ( Sverre Nicolai )",,1850.0,Forlagt af Chr. Tønsberg,dan,Norsk litteratur / agderforfattere,,dhlab,URN:NBN:no-nb_digibok_2007072402001
12,100628222.0,Digtninger : Anden Deel,"Hansen , Maurits / Høeg , T. A. ( Tønnes Andreas )",,1825.0,Trykt af T. A. Høeg,dan,Norsk litteratur / 1800-tallet,,dhlab,URN:NBN:no-nb_digibok_2007082703001
13,100628227.0,Norske Bondeblomster : poetiske Forsøg,"Vig , Ole",Kristiansund,1851.0,J. Hansen og O. Vig,nob,,,dhlab,URN:NBN:no-nb_digibok_2007082903001
14,100628238.0,Dramatiske Digtninger : Kong Gorm ; Huldrens Hjem ; Olaf i Venden,"Jensen , P. A. ( Peter Andreas )",,1852.0,Johan Dahls Forlag,nob,Norsk litteratur,,dhlab,URN:NBN:no-nb_digibok_2007091202001
15,100615020.0,Henrik Wergelands Samlede Skrifter. B. 7,"Wergeland , Henrik",Christiania,1853.0,Chr. Tønsbergs Forl.,nob,,,dhlab,URN:NBN:no-nb_digibok_2007091703001
16,100615035.0,Norske bygdesagn,"Daae , Ludvig",Christiania,1870.0,Cappelen,nob,,,dhlab,URN:NBN:no-nb_digibok_2007101510009
17,100500833.0,Sunnmørsgrammatikkane av Ivar Aasen,"Aasen , Ivar / Nes , Oddvar / Aarset , Terje / Aasen , Ivar",,1992.0,Selskapet,nno,Norsk språk / Sunnmørsmål / Grammatikk / Dialekter / norsk / språk / sunnmørsgrammatikk / dialekter / møre / romsdal / sunnmøre / nynorsk / sunnmørsdialekt / grammatikk / dialektar,439.82739 / 439.827948391,nb,URN:NBN:no-nb_digibok_2007110600049
18,100628331.0,Erindringer som Bidrag til Norges Historie fra 1800 til 1815,"Aall , Jacob / Lange , Christian C. A.",,1859.0,Cappelen,nob,1800 - 1815 / historie / norge / Historie / politikk / jernverk / norge / historie / 1792-1814 / biografi / norgeshistorie,948.1024,dhlab,URN:NBN:no-nb_digibok_2008011112004
19,100481031.0,Skrifter i samling : trykt og utrykt. 3,"Aasen , Ivar",Kristiania,1912.0,"Gyldendalske Boghandel, Nordisk Forlag",nno,norsk / nynorsk / litteratur / språk,,nb,URN:NBN:no-nb_digibok_2008040800072
20,100628520.0,Antydninger til et forbedret Psalmeverk for den norske Kirke,"Welhaven , J. S. ( Johan Sebastian ) / Dahl , Johan",,1840.0,Johan Dahl,dan,Kristendom / salmer / salmebøker,,dhlab,URN:NBN:no-nb_digibok_2008061012003
21,100628521.0,En Digtsamling,"Welhaven , J. S.",Christiania,1860.0,Johan Dahl,nob,,,dhlab,URN:NBN:no-nb_digibok_2008061012004
22,100628522.0,Digte,"Welhaven , J. S. ( Johan Sebastian ) / Dahl , Johan",,1839.0,i Commission hos Johan Dahl,dan,Norsk litteratur / 1800-tallet,,dhlab,URN:NBN:no-nb_digibok_2008061112002
23,100615799.0,Reisebilleder og Digte,"Welhaven , J. S.",Christiania,1851.0,Chr. Tønsbergs Forlag,nob,,,dhlab,URN:NBN:no-nb_digibok_2008062012003
24,100615808.0,Norges Dæmring : Et polemisk Digt,"Welhaven , J. S. ( Johan Sebastian ) / Dahl , Johan / Grøndahl , Chr . ( Christopher )",,1834.0,Trykt hos Chr. Grøndahl,dan,Norsk litteratur / 1800-tallet,,dhlab,URN:NBN:no-nb_digibok_2008062312002
25,100615818.0,Om Ludvig Holberg,"Welhaven , J. S. ( Johan Sebastian )",,1854.0,Tønsbergs forlag,nob,Norsk litteratur,,dhlab,URN:NBN:no-nb_digibok_2008063012005
26,100615824.0,Snorre Sturlesons norske Kongers Sagaer : Første Bind,"Snorri Sturluson / Aall , Jacob / Malling , P. T. ( Peter Tidemand ) / Karl",,1838.0,Trykt i Guldberg & Dzwonkowskis Officin af P. T. Malling,dan / non,Norrøn litteratur / Sagaer / Konger / Vikingtiden / norrøn / litteratur / sagaer / kongesagaer,,dhlab,URN:NBN:no-nb_digibok_2008070202001
27,100615836.0,Halte-Hulda : Drama i 3 Akter,"Bjørnson , Bjørnstjerne",Bergen,1858.0,Geelmuydens Enke,nob,,,dhlab,URN:NBN:no-nb_digibok_2008070812002
28,100615837.0,Mellem Slagene : Drama i 1 Akt,"Bjørnson , Bjørnstjerne / Dybwad , Jacob",,1858.0,I Commission hos Jac. Dybwad,nob,Norsk litteratur / 1800-tallet,,dhlab,URN:NBN:no-nb_digibok_2008070812004
29,100628587.0,Sigurd Slembe,"Bjørnson , Bjørnstjerne",Kjøbenhavn,1862.0,Gyldendal,nob,,,dhlab,URN:NBN:no-nb_digibok_2008071512001
30,100616087.0,Ordbog over det gamle norske Sprog,"Fritzner , Johan",Kristiania,1867.0,Feilberg & Landmark,mul / nob / nno,gammelnorsk / norrønt / språk / ordbøker / norrøn / ordbok,,dhlab,URN:NBN:no-nb_digibok_2008093012001
31,100628868.0,Fornuftigt Madstel : en tidsmæssig Koge- og Husholdningsbog,"Asbjørnsen , P. Chr . ( Peter Christen )",Christiania,1865.0,Steensballe,nob,,,dhlab,URN:NBN:no-nb_digibok_2008102112004
32,100616207.0,Norske Folke-Eventyr,"Asbjørnsen , P. Chr . ( Peter Christen ) / Moe , Jørgen",Kjøbenhavn,1876.0,Gyldendal,nob,norge / eventyr / folkeeventyr,,dhlab,URN:NBN:no-nb_digibok_2008102912003
33,100616211.0,Norske Folkeeventyr,"Asbjørnsen , P. Chr . ( Peter Christen ) / Moe , Jørgen",Christiania,1852.0,Johan Dahl,nob,,,dhlab,URN:NBN:no-nb_digibok_2008103012001
34,100616236.0,Fra Skov og Fjeld,"Østgaard , N. R.",Christiania,1858.0,Tønsbergs Forl.,nob,,,dhlab,URN:NBN:no-nb_digibok_2008110503010
35,100628955.0,Chr. Monsens Samlede Digte,"Monsen , Chr . / Hanssen , Christian",,1854.0,Chr. Monsens Enke,nor,,,dhlab,URN:NBN:no-nb_digibok_2008111003003
36,100628959.0,Christiania-Postens Feuilleton. 1,"Legouvé , Ernest / Frölich , Abraham Emanuel / Gotthelf , Jeremias / Gotthelf , Jeremias / Gotthelf , Jeremias / Welhaven , J. S. ( Johan Sebastian )",Christiania,1856.0,Dybwad,nob,,,dhlab,URN:NBN:no-nb_digibok_2008111103001
37,100629026.0,Ordbog over det norske Folkesprog,"Aasen , Ivar",,1850.0,Trykt hos Carl C. Werner & Comp.,mul / nno / dan,Norsk språk / Nynorsk språk / Norsk språk / nynorsk / landsmål / nynorske / ordbøker / 1800-tallet / nynorsk / språk / form / norsk,,dhlab,URN:NBN:no-nb_digibok_2008111903007
38,100629032.0,Sange og Rim for det norske Folk,"Vig , Ole",Kristiania,1854.0,Malling,nob,,,dhlab,URN:NBN:no-nb_digibok_2008111903017
39,100616340.0,Gamle norske folkeviser,"Bugge , Sophus",Kristiania,1858.0,Feilberg & Landmark,nob,norske / folkeviser / viser / norge,,dhlab,URN:NBN:no-nb_digibok_2008111903026
40,100616342.0,En liden Læsebog i Gammel Norsk,"Aasen , Ivar",Christiania,1854.0,Chr. Grøndahl,mul / nob / non,norsk / gammelnorsk / språk / lesebøker,,dhlab,URN:NBN:no-nb_digibok_2008111903029
41,100616400.0,Neslands kirke : et digt,"Landstad , M. B.",,1852.0,Chr. Olsen,nob,kirker / norge / Nesland kirke / Vinje / Telemark / vinje / kirkehistorie / telemark / dikt / stavkirker / norsk / litteratur,839.82,dhlab,URN:NBN:no-nb_digibok_2008112703011
42,100616628.0,Ephemerer,"Munch , A. ( Andreas ) / Dahl , Johan ( Johan Fjeldsted ) / Schmelling , E. A.",,1836.0,Johan Dahl. Trykt i Johan Dahls Bogtrykkerie af E. A. Schmelling,dan,Norsk litteratur / 1800-tallet,,dhlab,URN:NBN:no-nb_digibok_2009011512001
43,100629314.0,Omrids af den norske Poesis Historie : literærhistoriske Forelæsninger. 1 : Norges Bidrag til Fællesliteraturen,"Dietrichson , L. ( Lorentz )",Kjøbenhavn,1866.0,Gyldendal,dan,norsk / litteraturhistorie / lyrikk,,dhlab,URN:NBN:no-nb_digibok_2009061903027
44,100629321.0,Norske sagn,"Faye , Andreas / Hald , N. C. ( Nils Christian ) / Krohn , Lars Andreas",,1833.0,Trykt i N.C. Halds Bogtrykkerie af L.A. Krohn,dan,Folkeminne / sagn / folkesagn,,dhlab,URN:NBN:no-nb_digibok_2009061912006
45,100629328.0,Norske Ordsprog,"Aasen , Ivar / Aasen , Ivar",Christiania,1856.0,Werner,nno,norsk / nynorsk / språk / norske / ordtak / ordtøke / ordspråk,,dhlab,URN:NBN:no-nb_digibok_2009062212003
46,100618628.0,Gamle Dage : Erindringer og Tidsbilleder,"Dunker , Conradine B.",Kjøbenhavn,1871.0,Gyldendal,mul / dan / nob,,,dhlab,URN:NBN:no-nb_digibok_2009072900042
47,100618696.0,Smaabilleder af Folkelivet. [1],"Meltzer , H.",Christiania,1862.0,Dybwad,nob,,,dhlab,URN:NBN:no-nb_digibok_2009081303002
48,100629576.0,Norske Plantenavne,"Aasen , Ivar",,1860.0,[s.n.],nob,Plantenavn / plantenavn / plantenamn / norsk / språk / norge,,dhlab,URN:NBN:no-nb_digibok_2009081903003
49,100629627.0,Skitser og Fortællinger,"Schulze , H.",Christiania,1866.0,,nob,,,dhlab,URN:NBN:no-nb_digibok_2009082103039
50,100629705.0,Om Ædrueligheds-Tilstanden i Norge,"Sundt , Eilert",Christiania,1859.0,Trykt hos J. Chr. Abelsted,nob,Alcoholism / Helsesosiologi / Alkoholisme,,dhlab,URN:NBN:no-nb_digibok_2009090903009
51,100629711.0,"Det norske Folks Historie. Deel 1, Bind 1","Munch , P. A. ( Peter Andreas )",,1852.0,Tønsbergs Forl.,nob,Middelalderen / Historie / forhistorisk / tid / vikingtiden,,dhlab,URN:NBN:no-nb_digibok_2009091403001
52,100629796.0,Samlede Afhandlinger. 1 : 1831-Marts 1849,"Munch , P. A. ( Peter Andreas ) / Storm , Gustav",,1873.0,Cammermeyer,nob,Historie / Norden / Historisk framstilling / Norsk språk / Norrønt språk / Norsk litteratur / norge / historie / noreg / norden / nordisk / norsk / språk / litteratur,948.1 / 439.8209,dhlab,URN:NBN:no-nb_digibok_2009100812001
53,100618946.0,En liden Julegave : Gammelt og Nyt,"Moe , Jørgen",Christiania,1859.0,P.F. Steensballe,nob,,,dhlab,URN:NBN:no-nb_digibok_2009101303010
54,100629837.0,Nordens gamle Gude- og Helte-Sagn i kortfattet Fremstilling,"Munch , P. A. ( Peter Andreas ) / Risum , Ludvig",,1840.0,Trykt i Forlæggernes Officin af L. Risum,dan,Norrøn mytologi / Norrøn litteratur / Norrøn litteratur / Heltesagn / Gudesagn,,dhlab,URN:NBN:no-nb_digibok_2009110512007
55,100629853.0,Symra : tvo Tylfter med nya Visor,"Aasen , Ivar",Kristiania,1863.0,Mallings Forlagsboghandel,nno,norsk / nynorsk / språk / litteratur / skjønnlitteratur / dikt,,dhlab,URN:NBN:no-nb_digibok_2009120812001
56,100629854.0,Minningar fraa Maalstriden um Hausten 1858,"Aasen , Ivar",Christiania,1869.0,Samlaget,nno,norsk / nynorsk / litteratur / språkstrid / målsak,,dhlab,URN:NBN:no-nb_digibok_2009120812002
57,100619087.0,Arnljot Gelline,"Bjørnson , Bjørnstjerne",København,1870.0,Gyldendalske Boghandel,nob,,,dhlab,URN:NBN:no-nb_digibok_2010012110001
58,100619090.0,Sigurd Jorsalfar,"Bjørnson , Bjørnstjerne",Kjøbenhavn,1872.0,Gyldendal,nob,Norsk litteratur / Historisk drama / seminar / seminarsamling / tromsø / seminarium,,dhlab,URN:NBN:no-nb_digibok_2010012210002
59,100619125.0,Prøver af landsmaalet i Norge,"Aasen , Ivar / Werner , Carl C.",,1853.0,Trykt hos Carl C. Werner & Comp.,mul / nno / dan,Norsk språk / Dialekter / Norsk språk / Dialekter / norsk / nynorsk / språk / dialektar / målføre,,dhlab,URN:NBN:no-nb_digibok_2010020312007
60,100629993.0,Fridtjofs Saga : i Omskrift i det nyere Landsmaal,"Aasen , Ivar",Kristiania,1858.0,Selskabet,nno / non,norsk / nynorsk / språk / sagaer / norrøn / litteratur,,dhlab,URN:NBN:no-nb_digibok_2010020312008
61,100629997.0,Beretning om Fante- eller Landstrygerfolket i Norge : Bidrag til Kundskab om de laveste Samfundsforholde,"Sundt , Eilert / Brøgger , A. W.",,1850.0,Trykt i det Wulfsbergske Bogtrykkerie ved A.W. Brøgger,dan,Sosialantropologi / Romfolk / 1800-tallet / tatere / sigøynere / antropologi / sosiologi / omstreifere / fanter,,dhlab,URN:NBN:no-nb_digibok_2010020412003
62,100619161.0,"Digte og Fortællinger, ældre og nyere","Munch , A. ( Andreas )",Christiania,1855.0,Tønsberg,nob,agderforfattere,,dhlab,URN:NBN:no-nb_digibok_2010021603005
63,100664131.0,Norges historie indtil Harald Haarfager : tilligemed en udførlig Fremstilling af Nordmændenes gamle Kulturforhold,"Vig, Ole",Kristiania,1857.0,Malling,nob,norge / historie,,dhlab,URN:NBN:no-nb_digibok_2010021803053
64,100619469.0,Et Kornbaand til Jul,"Schulze , H.",Christiania,1868.0,Cappelen,nob,,,dhlab,URN:NBN:no-nb_digibok_2010052806002
65,100630274.0,Et Kornbaand til Jul : (1869),"Schulze , H.",,1869.0,Cappelen,nob,Fortellinger,,dhlab,URN:NBN:no-nb_digibok_2010052806022
66,100619504.0,Smaastykker,"Schulze , H.",Christiania,1870.0,Cammermeyer,nob,,,dhlab,URN:NBN:no-nb_digibok_2010060806076
67,100630282.0,Om Renligheds-Stellet i Norge : Til Oplysning om Flid og Fremskridt i Landet,"Sundt , Eilert / Abelsted , Jacob Christian",,1869.0,Trykt og forlagt af J. Chr. Abelsted,nor,Hygiene / 1800-tallet / Kulturhistorie / Norge / Hygiene / renslighet / norge / 1800-tallet,,dhlab,URN:NBN:no-nb_digibok_2010060806087
68,100008225.0,Dikting,"Aasen , Ivar",Oslo,1946.0,Gyldendal,mul / nob / nno,nynorsk / norsk / litteratur / 1800-tallet/ii / dikt / norske / skjønnlitteratur / språk,,nb,URN:NBN:no-nb_digibok_2010061806033
69,100630531.0,Nyere Digte,"Welhaven , J. S. ( Johan Sebastian ) / Dahl , Johan ( Johan Fjeldsted )",,1845.0,Forlagt af Johan Dahl,dan,Norsk litteratur / 1800-tallet,,dhlab,URN:NBN:no-nb_digibok_2010100608041
70,100619855.0,Samlede skrifter. Andet bind,"Moe , Jørgen",Kristiania,1877.0,Cammermeyer,nob,,,dhlab,URN:NBN:no-nb_digibok_2010111806002
71,100535717.0,Henrik Ibsens skrifter. 1 : Catilina (1850) ; Catilina (1875) ; Kjæmpehøien (1850) ; Kjæmpehøien (1854) ; Norma ; Sancthansnatten,"Ibsen , Henrik / Ystad , Vigdis / Janss , Christian",Oslo,2005.0,[Universitetet i Oslo],nob,norske / skuespill / 1800-tallet / drama,839.822,nb,URN:NBN:no-nb_digibok_2011040508147
72,100538545.0,Henrik Ibsens skrifter. 12 : Brev 1844-1871,"Ibsen , Henrik / Ystad , Vigdis / Fulsås , Narve / Janss , Christian",Oslo,2005.0,[Universitetet i Oslo],nob,norske / skuespill / 1800-tallet / drama,839.822,nb,URN:NBN:no-nb_digibok_2011040508148
73,100619985.0,Samlede skrifter. B. 1,"Moe , Jørgen",Kristiania,1877.0,Cammermeyer,nob,,,dhlab,URN:NBN:no-nb_digibok_2011051004096
74,100630602.0,Samlede Skrifter. B. 7,"Welhaven , J. S. ( Johan Sebastian )",Kjøbenhavn,1868.0,Gyldendal,nob,,,dhlab,URN:NBN:no-nb_digibok_2011052605099
75,100630603.0,Samlede Skrifter. 8 : [Ewald og de norske digtere] : [fire literær-historiske fremstillinger],"Welhaven , J. S. ( Johan Sebastian )",Kjøbenhavn,1868.0,Gyldendal,nob,,,dhlab,URN:NBN:no-nb_digibok_2011052605100
76,100620037.0,I Brønden og i Tjærnet : Smaahistorier for Børn,"Moe , Jørgen / Moe , Jørgen",Kristiania,1880.0,Alb. Cammermeyer,nob,,,dhlab,URN:NBN:no-nb_digibok_2011052612004
77,100542693.0,Henrik Ibsens skrifter. 4 : Svanhild ; Kjærlighedens komedie ; Kongs-emnerne,"Ibsen , Henrik / Ystad , Vigdis",Oslo,2008.0,[Universitetet i Oslo],nob,norske / skuespill / 1800-tallet / drama,839.82s / 839.822,nb,URN:NBN:no-nb_digibok_2011061708062
78,100542768.0,Henrik Ibsens skrifter. 2 : Gildet paa Solhoug (1856) ; Gildet på Solhaug (1883) ; Rypen i Justedal ; Olaf Liljekrans (1857) ; Olaf Liljekrans (1902) ; Fjeldfuglen ; Olaf Liljekrans (1877/78)],"Ibsen , Henrik / Ystad , Vigdis",Oslo,2006.0,[Universitetet i Oslo],nob,norske / skuespill,839.822,nb,URN:NBN:no-nb_digibok_2011061708155
79,100542769.0,Henrik Ibsens skrifter. 3 : Fru Inger til Østeraad (1857) ; Fru Inger til Østråt (1874) ; Hærmændene paa Helgeland (1858) ; Hærmændene på Helgeland (1893),"Ibsen , Henrik / Ystad , Vigdis / Janss , Christian / Bøe , Hilde / Wiger , Ellen Nessheim",Oslo,2006.0,[Universitetet i Oslo],nob,norske / skuespill / 1850-tallet,839.822,nb,URN:NBN:no-nb_digibok_2011061708156
80,100544647.0,Henrik Ibsens skrifter. 11 : Dikt,"Ibsen , Henrik / Ystad , Vigdis / Janss , Christian / Taugbøl , Stine Brenna / Wiger , Ellen Nessheim",Oslo,2009.0,[Universitetet i Oslo],nob,norske / skuespill / 1800-tallet / drama,829.822,nb,URN:NBN:no-nb_digibok_2011062708033
81,100055374.0,Henrik Ibsens skrifter. 5 : Episk Brand (1864/65) ; Brand (1866) ; Peer Gynt (1867),"Ibsen , Henrik / Ystad , Vigdis",Oslo,2007.0,[Universitetet i Oslo],nob,norske / skuespill / 1800-tallet / drama,839.822,nb,URN:NBN:no-nb_digibok_2011091208031
82,100070895.0,"Ny Samling af norske Ord og Talemaader, 1806-1808 ; med et anhang","Lundh , Gregers Fougner",Oslo,1954.0,[s.n.],mul / nno / nob,norske / ord / talemål / norsk / språk / dialekter,,nb,URN:NBN:no-nb_digibok_2011111605037
83,100630748.0,Østerdølen hemkømmen fraa Amerika,"Østgaard , N. R.",Christiania,1853.0,Feilberg & Landmark,nob,Emigranthistorie / Norsk-amerikanere / forente / stater / norsk-amerikanere / østerdalen / østerdøler / tilbakevandring / emigrantsanger / emigrantviser / sanger / ballader / emigranthistorie,,dhlab,URN:NBN:no-nb_digibok_2012020208016
84,100630754.0,Norske Folke-Sagn,"Faye , Andreas / Fabritius , W. C. ( Wilhelm Christian )",,1844.0,Paa Guldberg & Dzwonkowskis Forlag,dan,Folkeminne / sagn / folkesagn / norge,,dhlab,URN:NBN:no-nb_digibok_2012020208027
85,100620864.0,Halvhundrede Digte,"Welhaven , J. S. ( Johan Sebastian ) / Reitzel , Carl Andreas / Luno , Bianco",,1848.0,Trykt hos Kgl. Hofbogtrykker Bianco Luno,dan,Norsk litteratur,,dhlab,URN:NBN:no-nb_digibok_2012030524007
86,100630855.0,Norske Huldre-Eventyr og Folkesagn. 1,"Asbjørnsen , P. Chr . ( Peter Christen )",Christiania,1859.0,Steensballe,nob,,,dhlab,URN:NBN:no-nb_digibok_2012042724002
87,100071871.0,Henrik Ibsens skrifter. 16 : Sakprosa,"Ibsen , Henrik / Janss , Christian / Ystad , Vigdis",Oslo,2010.0,[Universitetet i Oslo],nob,norske / skuespill / 1800-tallet / drama,839.82s / 839.822,nb,URN:NBN:no-nb_digibok_2012051805111
88,100630939.0,Norske Huldreeventyr og Folkesagn : Anden Samling,"Asbjørnsen , P. Chr . ( Peter Christen ) / Dybwad , C. A. ( Christopher Andreas ) / Fabritius , W. C. ( Wilhelm Christian )",,1848.0,Forlagt af C.A. Dybwad. Trykt hos Fabritius,dan,Norsk litteratur / folkediktning / sagn,,dhlab,URN:NBN:no-nb_digibok_2012061313001
89,100630946.0,Norske Huldreeventyr og Folkesagn : Første Samling,"Asbjørnsen , P. Chr . ( Peter Christen ) / Fabritius , W. C. ( Wilhelm Christian )",,1845.0,Trykt hos W.C. Fabritius,dan,Norsk litteratur / folkediktning,,dhlab,URN:NBN:no-nb_digibok_2012062813003
90,100114358.0,Samlede Digterverker. B. 3,"Welhaven , J. S. ( Johan Sebastian )",Kristiania,1907.0,Gyldendalske Boghandel,nob,,,nb,URN:NBN:no-nb_digibok_2012101507055
91,100631182.0,"Folke-Eventyr, uppskrivne i Sandeherad : fortalde paa Landsmaal","Janson , Kristofer",Kristiania,1878.0,Samlaget,nno,eventyr / folkeeventyr / norge / folkediktning,,dhlab,URN:NBN:no-nb_digibok_2013013007093
92,100621980.0,Digte og sange,"Bjørnson , Bjørnstjerne",København,1870.0,Gyldendal,nob,,,dhlab,URN:NBN:no-nb_digibok_2013040824067
93,100631238.0,Af H. Meltzers efterladte Papirer. 1 : Det hemmelighedsfulde Lysthus ; Bogen med Silkefløiels Bind,"Meltzer , H.",Christiania,1872.0,Dybwad,nob,skjønnlitteratur / hfnord,,dhlab,URN:NBN:no-nb_digibok_2013041007028
94,100622027.0,Udvalgte Skrifter,"Schulze , H.",Kristiania,1883.0,Alb. Cammermeyer,nob,,,dhlab,URN:NBN:no-nb_digibok_2013042608022
95,100631470.0,Digtninger,"Blom , Hans Ørn",Christiania,1864.0,Paa Forfatterens Forlag. Det Steenske Bogtrykkeri,nob,,,dhlab,URN:NBN:no-nb_digibok_2013073108165
96,100622354.0,Digte,"Kjerulf , Theodor",Christiania,1854.0,,nob,,,dhlab,URN:NBN:no-nb_digibok_2013080508339
97,100631481.0,Krydsbetjenten : Vaudeville i to Akter,"Bjerregaard , Henrik Anker",,1848.0,[s.n.],nor,Norsk litteratur,,dhlab,URN:NBN:no-nb_digibok_2013080508344
98,100631649.0,Henr. Wergelands Digtekunst og Polemik,"Welhaven , J. S. ( Johan Sebastian ) / Hoppe , Peter Johannes / Roshauw , Carl L.",,1832.0,"Paa Boghandler P. J. Hoppes Forlag, trykt i det Lundhske Bogtrykkeri ved C. L. Roshauw",dan,Norsk litteratur / Litteraturkritikk,,dhlab,URN:NBN:no-nb_digibok_2013110424054
99,100622749.0,Norsk Ordbog : med dansk Forklaring,"Aasen , Ivar",Christiania,1873.0,Mallings Boghandel,mul / nob / dan / nno,Nynorsk språk / Norsk språk / norsk / språk / ordbøker,,dhlab,URN:NBN:no-nb_digibok_2013122026001
100,100631854.0,Segner fraa Bygdom. 4 : Sogur m.m. fraa Valdris og Hallingdal,"Bergh , Hallvard",Christiania,1879.0,Samlaget,nno,,,dhlab,URN:NBN:no-nb_digibok_2014021008009
101,100631863.0,Samlede Skrifter. B. 6,"Welhaven , J. S. ( Johan Sebastian )",Kjøbenhavn,1868.0,Gyldendal,nob,,,dhlab,URN:NBN:no-nb_digibok_2014021106017
102,100632122.0,En Fjeldbygd : Billeder fra Østerdalen,"Østgaard , N. R.",,1852.0,Feilberg & Landmark,nob,tynset,,dhlab,URN:NBN:no-nb_digibok_2014061108126
103,100632224.0,Samlede Skrifter. B. 2,"Welhaven , J. S. ( Johan Sebastian )",Kjøbenhavn,1867.0,Gyldendal,nob,,,dhlab,URN:NBN:no-nb_digibok_2014071606009
104,100632226.0,Eventyrbog for Børn : norske Folkeeventyr. 1,"Asbjørnsen , P. Chr . ( Peter Christen )",Kjøbenhavn,1883.0,Gyldendal,dan,"Eventyr, Norske / norske / eventyr / folkeeventyr",,dhlab,URN:NBN:no-nb_digibok_2014071624008
105,100623480.0,Synnøve Solbakken,"Bjørnson , Bjørnstjerne",Christiania,1857.0,Johan Dahl,nob,,,dhlab,URN:NBN:no-nb_digibok_2014071726003
106,100632231.0,Norske Folkeviser,"Landstad , M. B.",Christiania,1853.0,Tönsberg,nob,folkediktning / norge / norske,398.809481,dhlab,URN:NBN:no-nb_digibok_2014072108075
107,100624005.0,Om Salmebogen : en Redegjørelse,"Landstad , M. B.",Kristiania,1862.0,i kommission hos Jac. Dybwad,nob,salmer / norsk / salmar,,dhlab,URN:NBN:no-nb_digibok_2014111408041
108,100632474.0,Ervingen : Sangspil i een Akt,"Aasen , Ivar",Kristiania,1855.0,Det norske Theaters Forlag,nno,norsk / nynorsk / litteratur / skjønnlitteratur / skodespel,,dhlab,URN:NBN:no-nb_digibok_2014120126005
109,100632567.0,Norges gamle Love indtil 1387 : Første Bind. Norges Love ældre end Kong Magnus Haakonssøns Regjerings-Tiltrædelse i 1263,"Munch , P. A. ( Peter Andreas ) / Keyser , Rudolf / Grøndahl , Chr . ( Christopher )",,1846.0,Trykt hos Chr. Grøndahl,mul / non / dan,Lovgivning / Middelalderen / Middelalderen / Lover / Lover / lovsamlinger / norge / lover / rett / lovsamlingar / norsk,,dhlab,URN:NBN:no-nb_digibok_2015012808049
110,100624301.0,Kirke-Salmebog : et Udkast,"Landstad , M. B.",Kristiania,1861.0,Fabritius,nob,salmer / salmebøker / norge / norsk,,dhlab,URN:NBN:no-nb_digibok_2015030308002
111,100624338.0,Nor : en Billedbog for den norske Ungdom. Indeholdende: Store og gode Handlinger af Nordmænd; norske Folkesagn og Eventyr. Med 6 illuminerede Kobbere,"Asbjørnsen , P. Chr . ( Peter Christen ) / Moe , Bernt / Malling , P. T. ( Peter Tidemand )",,1838.0,Guldberg & Dzwonkowski. Trykt i Guldberg & Dzwonkowskis Officin af P.T. Malling,dan,Norsk litteratur / Eventyr / Sagn / folkedikting,398.2,dhlab,URN:NBN:no-nb_digibok_2015042027001
112,100624343.0,En Jægers Erindringer,"Herre , Bernhard / Asbjørnsen , P. Chr . ( Peter Christen ) / Welhaven , J. S. ( Johan Sebastian )",,1850.0,Mallings Forlags-Boghandling,dan,Norsk litteratur / 1800-tallet,,dhlab,URN:NBN:no-nb_digibok_2015042428001
113,100624396.0,Om Dødeligheden i Norge : Bidrag til Kundskab om Folkets Kaar,"Sundt , Eilert",Christiania,1855.0,Selskabet,nob,,,dhlab,URN:NBN:no-nb_digibok_2015060108038
114,100624447.0,Norske Folke-Eventyr,"Asbjørnsen , P. Chr . ( Peter Christen ) / Moe , Jørgen",Christiania,1871.0,I kommission hos Jak. Dybwad,nob,"Eventyr, Norske",,dhlab,URN:NBN:no-nb_digibok_2015061929001
115,100624786.0,Den norske Literatur fra 1814 indtil vore Dage : et Bidrag til en norsk Literaturhistorie,"Hansen , H. Olaf",Kjøbenhavn,1862.0,Fr. Wøldike,mul / dan / nob,Litteratur / Norsk litteratur / Historisk framstilling / norsk / litteraturhistorie / 1800-tallet,,dhlab,URN:NBN:no-nb_digibok_2015110908267
116,100633114.0,Det norske Folkesprogs Grammatik,"Aasen , Ivar",,1848.0,Trykt hos Werner & Comp.,mul / dan / nno,Norsk språk / Grammatikk / Norsk språk / Nynorsk språk / Grammatikk / nynorsk / landsmål,,dhlab,URN:NBN:no-nb_digibok_2016042929003
117,100633225.0,Blade af min Mappe : Digte,"Jensen , P. A. ( Peter Andreas ) / Fabritius , W. C. ( Wilhelm Christian )",,1849.0,Trykt og forlagt af W. C. Fabritius,dan,Norsk litteratur,,dhlab,URN:NBN:no-nb_digibok_2016052029003
118,100633397.0,"Psalmebog, samlet og ordnet, samt med et Tillæg af Betragtninger og Bønner ledsaget","Wexels , W. A. ( Wilhelm Andreas ) / Grøndahl , Chr . ( Christopher )",,1849.0,"Paa Chr. Grøndahls Forlag, trykt i hans Officin",dan,Kristendom / Salmebøker / Oppbyggelseslitteratur / Kristentro,,dhlab,URN:NBN:no-nb_digibok_2016072026006
119,100625452.0,"Chr. Monsens Historiske Romaner : Første Bind, indeholdende: Dronning Gyda. Første Del","Monsen , Chr . / Petersen , Georg E.",,1850.0,"Georg E. Petersens Forlag, trykt i Forlæggerens Officin",dan,Norsk litteratur / 1800-tallet,,dhlab,URN:NBN:no-nb_digibok_2016100628003
120,100625673.0,Fra Lofoten og Solør,"Schulze , H.",,1865.0,Cappelen,nob,nord-norge,,dhlab,URN:NBN:no-nb_digibok_2016110448012
121,100625676.0,"Digte, gamle og nye","Munch , A. ( Andreas ) / Dahl , Johan ( Johan Fjeldsted )",,1848.0,Forlagt af Johan Dahl,dan,Norsk litteratur / 1800-tallet,,dhlab,URN:NBN:no-nb_digibok_2016110729001
122,100633678.0,Digte,"Kjerulf , Theodor / Dahl , Johan ( Johan Fjeldsted ) / Wergeland , S. N. ( Sverre Nicolai )",,1848.0,Forlagt af Johan Dahl,dan,Norsk litteratur,,dhlab,URN:NBN:no-nb_digibok_2016110729002
123,100633741.0,Kongedatterens Brudefart : et Digt i tolv Romanzer,"Munch , A.",Christiania,1861.0,Chr. Tønsbergs Forlag,nob,,,dhlab,URN:NBN:no-nb_digibok_2016111748595
124,100633763.0,"Naturhistorie for Ungdommen af P. Chr. Asbjørnsen, Stud. Med : Første Deel. Dyreriget","Asbjørnsen , P. Chr . ( Peter Christen ) / Malling , P. T. ( Peter Tidemand )",,1838.0,Forlagt af Guldberg & Dzwonkowski,dan,Naturhistorie / Naturlære / Zoologi / Pattedyr,,dhlab,URN:NBN:no-nb_digibok_2016112129003
125,100625792.0,Tre digtkrandse,"Kjerulf , Theodor",Christiania,1866.0,Steensballe,nob,,,dhlab,URN:NBN:no-nb_digibok_2017011248034
126,100633866.0,Digte,"Moe , Jørgen / Werner , Carl C.",,1850.0,Forlagt af Feilberg & Landmark. Trykt hos Werner & Comp.,dan,Norsk litteratur / 1800-tallet,839.82,dhlab,URN:NBN:no-nb_digibok_2017020148100
127,100625856.0,De norske Klostres Historie i Middelalderen,"Lange , Christian C. A. / Brøgger , A. W.",,1847.0,Trykt i det Wulfsbergske Officin ved A W. Brøgger,dan,Klostervesen / Historie / Middelalderen / Klostervesen / Historisk framstilling / Klostre / Norge / Klostre,271.009481,dhlab,URN:NBN:no-nb_digibok_2017020328002
128,100634111.0,Kirkesalmebog,"Landstad , M. B.",Kristiania,1870.0,Cappelen,nob,,,dhlab,URN:NBN:no-nb_digibok_2017050348134
129,100634121.0,Udvalgte Digte,"Sivertson , Sylvester / Sivertson , Ole / Abelsted , Jacob Christian",,1848.0,Trykt hos Jac. Chr. Abelsted,dan,Norsk litteratur,,dhlab,URN:NBN:no-nb_digibok_2017050526016
130,100626144.0,"Unorsk og norsk, eller Fremmedords avløsning","Knudsen , Knud",Kristiania,1881.0,Cammermeyer,nob,Norsk språk / fremmedord / norsk / språk / ordbøker / fremmedordbøker,,dhlab,URN:NBN:no-nb_digibok_2017060629001
131,100626208.0,Arbeiderforeningernes Sangbog,"Bergh , Peter Wilhelm / F. T. Steens Enke",,1850.0,Trykt hos F.T. Steens Enke,dan,Arbeiderforeninger / 1800-tallet,,dhlab,URN:NBN:no-nb_digibok_2017070426001
132,100346794.0,Til og fra Amerika : Skizzer,"Meltzer , H. / Bloch , A. ( Andreas )",Kristiania,1907.0,Cammermeyer,nob,Amerikabrev / Emigranthistorie / Indianere / Pionerliv / Utvandring / norge / usa / utvandring / hjemvandring / amerikabrev / pionerliv / indianere / emigrasjon / immigrasjon / 1850 / california / gullrush / emigranthistorie,,nb,URN:NBN:no-nb_digibok_2017080207028
133,100634838.0,Religiøse Digte,"Wexels , W. A. ( Wilhelm Andreas )",,1847.0,Feilberg & Landmark. Trykt i Carl C. Werner & Comp' s Bogtrykkerie,dan,Norsk litteratur / 1800-tallet / salmer / norsk / religiøse / dikt,,dhlab,URN:NBN:no-nb_digibok_2018010826004
134,100626729.0,Kirkeaaret : en Julegave til Menigheden,"Jensen , P. A. ( Peter Andreas )",Christiania,1861.0,H. Tønsberg,nob,,,dhlab,URN:NBN:no-nb_digibok_2018020548260
135,100635169.0,Norsk landmandsbog for 1868,"Asbjørnsen , P. Chr . ( Peter Christen )",Christiania,1868.0,Dybwad,nob,landmenn / landbruk / almanakker / norge / bondepraktika,,dhlab,URN:NBN:no-nb_digibok_2018050848010
136,100627031.0,Nyere digtninger,"Blom , Hans Ørn",Christiania,1864.0,Paa Forfatterens Forlag. Det Steenske Bogtrykkeri,nob,,,dhlab,URN:NBN:no-nb_digibok_2018061948502
137,100627229.0,Den Eensomme : En Sjælehistorie,"Munch , A. ( Andreas ) / Dahl , Johan ( Johan Fjeldsted )",,1846.0,Johan Dahl,dan,Norsk litteratur / 1800-tallet,,dhlab,URN:NBN:no-nb_digibok_2019020548006
138,100635983.0,Om Giftermaal i Norge. Bidrag til Kundskab om Folkets Kaar og Sæder,"Sundt , Eilert / Malling , P. T. ( Peter Tidemand )",,1855.0,P. T. Mallings Bogtrykkeri,nor,Demografi / Ekteskap / 1800-tallet / Marriage / ekteskap / norge,,dhlab,URN:NBN:no-nb_digibok_2019102448003
139,100636002.0,Et Snees Digtninger,"Jensen , P. A. ( Peter Andreas ) / Dahl , Chr . ( Christopher )",,1838.0,"Trykt hos og forlagt af Chr. Dahl, R. S.",dan,Norsk litteratur,,dhlab,URN:NBN:no-nb_digibok_2019110448028
140,100636005.0,Til Sæters : Dramatisk Idyl med Sange,"Riis , Claus Pavels",,1850.0,Feilberg & Landmarks Forlag. Werner & Comp.'s Tryk.,dan,Norsk litteratur / 1800-tallet,,dhlab,URN:NBN:no-nb_digibok_2019110448033
141,100627417.0,Fem muntre Viser,"Bjørnson , Bjørnstjerne / Osdalen , Marie Persdatter Løsset / Sheridan , Richard Brinsley / Hostrup , C. ( Jens Christian )",,1864.0,Tilkjøbs hos G.B. Strøm,nob,Sjøslag / Krig / Patriotisme / Utvandring / Ungdom / Kjærlighet / Alkohol / Kjønn / Hyllest / Sigrid / Oluf / Halvor,,dhlab,URN:NBN:no-nb_digibok_2019112926042
142,100627437.0,"Samling af Sange, Folkeviser og Stev i norske Almuedialekter","Lindeman , Ludv . M. ( Ludvig Mathias ) / Moe , Jørgen / Malling , P. T. ( Peter Tidemand )",,1840.0,Paa P.T. Mallings Forlag. Trykt i Forlæggerens Officin,nno / dan,Folkediktning / folkeviser / dialekter,,dhlab,URN:NBN:no-nb_digibok_2019121148002
143,100636148.0,Kong Sverres Ungdom : Drama i 3 Acter,"Munch , A. ( Andreas ) / Muth-Rasmussen , P. D. / Dahl , Johan",,1837.0,Johan Dahl,dan,Norsk litteratur / 1800-tallet,,dhlab,URN:NBN:no-nb_digibok_2020021248500
144,100627560.0,Storegut,"Vinje , A. O. ( Aasmund Olavsson )",Christiania,1866.0,A.O. Vinje,nno,skjønnlitteratur / dikt,,dhlab,URN:NBN:no-nb_digibok_2020040348045
145,100627666.0,Hertug Skule : Tragoedie i fem Akter,"Munch , A.",København,1864.0,Gad,nob,agderforfattere,,dhlab,URN:NBN:no-nb_digibok_2020111007102
146,100584416.0,Symra : tvo tylfter med visor og rim,"Aasen , Ivar",Kristiania,1922.0,Gyldendalske Bokhandel,nno,norsk / nynorsk / språk / litteratur / skjønnlitteratur / dikt,,nb,URN:NBN:no-nb_digibok_2021042048514
147,100440317.0,Norsk tro og tanke. B. 2 : 1800-1940,,,1998.0,Tano Aschehoug,mul / nob / nno / dan,Mentalitet / Historisk framstilling / Religiøs tro / Kristentro / Ideer (Filosofi) / Kulturhistorie / idéhistorie / kristentro / religiøs / tro / norge / kulturhistorie / filosofi / historie / kultur / religion / etikk / norsk / litteratur / antologi / Idéhistorie,948.1,nb,URN:NBN:no-nb_digibok_2021042148807
148,100636793.0,Liv i Norge : Vinteraftenslæsning for den norske Ungdom,"Vig , Ole",Kristianssund,1851.0,J. Hansens Forlag,nob,,839.82s,dhlab,URN:NBN:no-nb_digibok_2021042148829
149,100637015.0,En Aften paa Giske : historisk Skuespill i een Akt,"Munch , A. ( Andreas )",Christiania,1855.0,Chr. Tønsbergs Forl.,nob,agderforfattere,,dhlab,URN:NBN:no-nb_digibok_2021042848547
150,100637801.0,Lappiske eventyr og folkesagn,"Qvigstad , Just / Sandberg , G. / Moe , Moltke",Kristiania,1887.0,Cammermeyer,nob,samer / sagn / mytologi / religion / samiske / eventyr / norske,,dhlab,URN:NBN:no-nb_digibok_2021082548053
151,100604100.0,Salmer,"Landstad , M. B. / Baklid , Herleik / Haavik , Åge / Aschim , Per Kristian / Aschim , Anders / Baasland , Ernst",,2020.0,Novus forlag,nob,Salmer / Kulturhistorie / Kulturhistorie / Folkeminne / Folkeminne / Salmer / Salmar,264.23,nb,URN:NBN:no-nb_digibok_2021121448574
152,300186128.0,Syn & segn (trykt utg.). 1909 Vol. 15,,Oslo,1909.0,Samlaget,nno,Nynorsk språk / Norsk litteratur / Kultur / Norge / Cultural values / Cultural heritage / Norway / norsk / litteratur / tidsskrift / norskfag / samfunnsliv / språk / tfti / tidsskrifter / løpende / humanistisk / norske / forskning,,nb,URN:NBN:no-nb_digitidsskrift_2014092382073_001
153,300149622.0,Annaler for Nordisk Oldkyndighed og Historie. 1846,,Kjøbenhavn,1846.0,Selskabet,dan,Norden / Danmark / Årbøker / Historie / Arkeologi / Arkeologi / tidsskrifter,,nb,URN:NBN:no-nb_digitidsskrift_2016060981022_001
